Context Precision,Context Recall,Faithfulness,Answer Relevancy,Answer Similarity,Answer Correctness
0.7142857142289681,0.8571428571428571,0.9047619047619048,0.9698226705777332,0.893833313179674,0.555090981356143
