Context Precision,Context Recall,Faithfulness,Answer Relevancy,Answer Similarity,Answer Correctness
0.9583333332977428,0.96875,0.9455853174603176,0.9744060167161938,0.9896779180150381,0.9270309693013018
