Context Precision,Context Recall,Faithfulness,Answer Relevancy,Answer Similarity,Answer Correctness
0.6666666666202381,0.8571428571428571,0.8690476190476192,0.9564611259198798,0.9103919841924603,0.7292211882780215
