Context Precision,Context Recall,Faithfulness,Answer Relevancy,Answer Similarity,Answer Correctness
0.9068376068016533,0.8923076923076924,,0.9086673498017559,0.9432911604537673,0.6863457398365282
